number,value,datetime_start,datetime_complete,duration,params_batch_size,params_dropout,params_ffn_multiplier,params_hidden_dim,params_lr,params_num_heads,params_num_layers,params_weight_decay,state
0,0.008081554618131901,2026-03-12 16:07:14.945482,2026-03-12 16:07:26.824241,0 days 00:00:11.878759,64,0.4100397143367622,2,64,0.00021169998660827807,8,2,0.0018362860824497585,COMPLETE
1,0.0032821388449519873,2026-03-12 16:07:26.897074,2026-03-12 16:07:31.154711,0 days 00:00:04.257637,256,0.4712339373306045,4,128,0.0010162300068477699,8,2,0.019883525475345082,COMPLETE
2,0.007405263755312522,2026-03-12 16:07:31.222657,2026-03-12 16:07:41.628694,0 days 00:00:10.406037,32,0.20655239258312738,4,128,0.002568233776937191,8,2,2.8715258912867134e-05,COMPLETE
3,0.0006240383679271742,2026-03-12 16:07:41.694980,2026-03-12 16:08:10.168090,0 days 00:00:28.473110,32,0.3670951813394771,2,64,0.0015068914637328468,2,2,1.142886981988659e-05,COMPLETE
4,0.008254555852285453,2026-03-12 16:08:10.237582,2026-03-12 16:08:20.746986,0 days 00:00:10.509404,32,0.4741879279746915,4,32,0.00014722162445426518,8,2,0.00017581781596957927,COMPLETE
5,0.011967792175710201,2026-03-12 16:08:20.825984,2026-03-12 16:08:22.709824,0 days 00:00:01.883840,256,0.5332674842303702,2,32,0.004200709156403892,2,1,0.0026611789685221303,PRUNED
6,0.0020812181755900383,2026-03-12 16:08:22.786594,2026-03-12 16:08:24.536879,0 days 00:00:01.750285,256,0.2835220903617968,2,32,0.001300580255899536,8,1,0.0007211973205896102,PRUNED
7,0.045157955144532025,2026-03-12 16:08:24.606700,2026-03-12 16:08:25.999743,0 days 00:00:01.393043,128,0.5830223517086333,4,32,0.00018280414022301533,2,1,0.012145614964982208,PRUNED
8,0.007332829060032964,2026-03-12 16:08:26.075752,2026-03-12 16:08:28.533369,0 days 00:00:02.457617,256,0.5320986416340132,4,64,0.00014959181283590665,2,2,2.7629969593264207e-05,PRUNED
9,0.0045121526595072025,2026-03-12 16:08:28.602703,2026-03-12 16:08:34.706736,0 days 00:00:06.104033,64,0.4463887182004629,3,64,0.0011801836066765148,8,2,0.04086566039368539,COMPLETE
10,0.009653034819556134,2026-03-12 16:08:34.775748,2026-03-12 16:08:41.945899,0 days 00:00:07.170151,32,0.3355050446941825,3,64,2.4112627776407503e-05,4,1,1.2664489368678226e-05,COMPLETE
11,0.009250899602193385,2026-03-12 16:08:42.017884,2026-03-12 16:08:45.200069,0 days 00:00:03.182185,128,0.35579647400841097,3,128,0.000687830120129537,4,2,0.08964624129234149,COMPLETE
12,0.0015598952886648476,2026-03-12 16:08:45.266264,2026-03-12 16:08:48.577147,0 days 00:00:03.310883,256,0.4751468386106261,3,128,0.0005547280153396871,2,2,0.00016697347434772484,COMPLETE
13,0.00493137733428739,2026-03-12 16:08:48.645923,2026-03-12 16:09:02.853851,0 days 00:00:14.207928,32,0.36745024287646444,3,128,0.0004882958131865546,2,2,0.00013761476369516474,PRUNED
14,0.0018822146812453866,2026-03-12 16:09:02.926330,2026-03-12 16:09:06.196202,0 days 00:00:03.269872,256,0.27816418447205327,2,128,3.2022302186924585e-05,2,2,0.00012456866627765106,PRUNED
15,0.0051963269194987205,2026-03-12 16:09:06.268204,2026-03-12 16:09:20.705825,0 days 00:00:14.437621,32,0.4183062510079198,2,64,0.0004901083690398549,2,2,0.0004115172816558625,PRUNED
16,0.0035501531965564936,2026-03-12 16:09:20.775903,2026-03-12 16:09:25.116808,0 days 00:00:04.340905,128,0.5247640268274211,3,64,4.949535659686746e-05,2,2,4.64585707853228e-05,PRUNED
17,0.005033246008679271,2026-03-12 16:09:25.186538,2026-03-12 16:09:30.729005,0 days 00:00:05.542467,64,0.3079854216018847,2,128,0.002470581234344558,2,1,1.3196119446274137e-05,PRUNED
18,0.0017255558632314205,2026-03-12 16:09:30.801529,2026-03-12 16:09:34.615137,0 days 00:00:03.813608,256,0.22991097413185338,3,128,0.0003675439054413805,4,2,5.29129652397682e-05,PRUNED
19,0.029559469682031443,2026-03-12 16:09:34.682661,2026-03-12 16:09:47.721373,0 days 00:00:13.038712,32,0.38125234754038956,2,64,1.226798540748145e-05,2,2,0.005301928916176656,PRUNED
20,0.0022947213302748942,2026-03-12 16:09:47.789379,2026-03-12 16:09:58.622855,0 days 00:00:10.833476,32,0.4966611934411177,3,128,0.0021883908156447676,2,1,0.0004071998948076601,PRUNED
21,0.04755690321326256,2026-03-12 16:09:58.692331,2026-03-12 16:10:03.400257,0 days 00:00:04.707926,256,0.44927665252054044,4,128,0.0009686989473656506,8,2,0.01339754373659323,PRUNED
22,0.09154552966356277,2026-03-12 16:10:03.470577,2026-03-12 16:10:07.970621,0 days 00:00:04.500044,256,0.5966611451092618,4,128,0.0015679875802251577,8,2,0.0013150259768290422,PRUNED
23,0.08113029599189758,2026-03-12 16:10:08.042883,2026-03-12 16:10:11.678332,0 days 00:00:03.635449,256,0.4399688346427708,3,128,0.004191610454216476,4,2,0.005110691938753761,PRUNED
24,0.0021249016281217337,2026-03-12 16:10:11.747573,2026-03-12 16:10:15.461950,0 days 00:00:03.714377,256,0.47883821882499406,4,128,0.00034708740806416313,2,2,0.0002711886190915267,COMPLETE
25,0.002887443930376321,2026-03-12 16:10:15.530950,2026-03-12 16:10:17.981493,0 days 00:00:02.450543,256,0.50039142626467,3,64,0.00010223931639204064,2,2,0.0003297481648967608,PRUNED
26,0.03128105002854552,2026-03-12 16:10:18.051888,2026-03-12 16:10:25.889389,0 days 00:00:07.837501,64,0.40771792205184665,3,128,0.000337251514712228,2,2,7.197814374604196e-05,PRUNED
27,0.020470192655920982,2026-03-12 16:10:25.963078,2026-03-12 16:10:30.243825,0 days 00:00:04.280747,128,0.5477896588858162,4,128,7.923330535065228e-05,2,2,0.000228509827306227,PRUNED
28,0.0011731949052773416,2026-03-12 16:10:30.313895,2026-03-12 16:10:32.774182,0 days 00:00:02.460287,256,0.327797092024602,2,32,0.0006547031823071898,2,2,0.0008043492152102878,PRUNED
29,0.0063076492265931195,2026-03-12 16:10:32.844182,2026-03-12 16:10:40.642507,0 days 00:00:07.798325,64,0.3867297971106163,2,64,0.0002678402766202539,2,2,8.92116208222051e-05,PRUNED
30,0.0023096395120124464,2026-03-12 16:10:40.712858,2026-03-12 16:10:54.458217,0 days 00:00:13.745359,32,0.42772954840362537,3,64,0.0006190860416160562,2,2,0.0021566332166174256,COMPLETE
31,0.0003484461397290163,2026-03-12 16:10:54.527296,2026-03-12 16:11:32.973496,0 days 00:00:38.446200,32,0.418576795128068,3,64,0.0007070121997862744,2,2,0.0018530928384848928,COMPLETE
32,0.008198754229981984,2026-03-12 16:11:33.042495,2026-03-12 16:11:47.477518,0 days 00:00:14.435023,32,0.4712872039441527,3,64,0.0002560203898933918,2,2,0.0006567437243115783,PRUNED
33,0.010803938144817948,2026-03-12 16:11:47.550517,2026-03-12 16:12:01.767822,0 days 00:00:14.217305,32,0.4787867985389781,4,64,0.0008269353321288159,2,2,2.454414216514339e-05,PRUNED
34,0.004424170046279739,2026-03-12 16:12:01.847900,2026-03-12 16:12:16.358664,0 days 00:00:14.510764,32,0.4048636631112301,3,64,0.0017698045130252044,2,2,0.0039015015640836924,PRUNED
35,0.0012847032630816102,2026-03-12 16:12:16.427895,2026-03-12 16:12:19.958685,0 days 00:00:03.530790,256,0.5036234988434027,4,128,0.00042255313422637377,2,2,0.0016325806659043378,COMPLETE
36,0.010203895585228955,2026-03-12 16:12:20.027954,2026-03-12 16:12:33.928573,0 days 00:00:13.900619,32,0.49681020816764554,2,32,0.0031597544717805216,2,2,0.0018724287801493592,PRUNED
37,0.004057639045640826,2026-03-12 16:12:34.001883,2026-03-12 16:12:36.294901,0 days 00:00:02.293018,256,0.5583912391482132,3,64,0.0009814330460794051,4,2,0.0011767304622407853,COMPLETE
38,0.008531563455887538,2026-03-12 16:12:36.362902,2026-03-12 16:12:43.688633,0 days 00:00:07.325731,32,0.4533354912594958,4,128,0.00045845032051336195,2,1,0.011323462815811081,COMPLETE
39,0.03851025830954313,2026-03-12 16:12:43.756113,2026-03-12 16:12:45.041572,0 days 00:00:01.285459,256,0.5141490941650765,2,32,0.0001984464766465545,8,2,0.003172404127861353,PRUNED
40,0.007399089052341878,2026-03-12 16:12:45.111532,2026-03-12 16:12:49.110780,0 days 00:00:03.999248,128,0.3555007622255718,4,64,0.0014461169766885392,2,2,0.0005805184305789301,PRUNED
41,0.02520640380680561,2026-03-12 16:12:49.181775,2026-03-12 16:12:53.035861,0 days 00:00:03.854086,256,0.4722489274001708,4,128,0.0004191443679505957,2,2,0.0002505375806184789,PRUNED
42,0.014607109129428864,2026-03-12 16:12:53.106860,2026-03-12 16:12:56.978025,0 days 00:00:03.871165,256,0.4294756679613722,4,128,0.0002617396950678332,2,2,0.0009509070915491156,PRUNED
43,0.060449665412306786,2026-03-12 16:12:57.052910,2026-03-12 16:13:00.899473,0 days 00:00:03.846563,256,0.46115039447967604,4,128,0.0007950206633610504,2,2,0.007525423530966051,PRUNED
44,0.019450449384748936,2026-03-12 16:13:00.971474,2026-03-12 16:13:04.868800,0 days 00:00:03.897326,256,0.5651877137802949,4,128,0.00013194229864493893,2,2,0.0015930896389876252,PRUNED
45,0.002097662363667041,2026-03-12 16:13:04.942801,2026-03-12 16:13:08.465864,0 days 00:00:03.523063,256,0.38535563655148575,4,128,0.0011921551734571031,2,2,0.00015643004583153366,COMPLETE
46,0.0014035259415062942,2026-03-12 16:13:08.536871,2026-03-12 16:13:23.230467,0 days 00:00:14.693596,32,0.3950776000764616,3,32,0.001243897883336977,2,2,1.8295651745642603e-05,PRUNED
47,0.0031553431534640758,2026-03-12 16:13:23.302458,2026-03-12 16:13:27.766993,0 days 00:00:04.464535,64,0.3449474462275933,4,128,0.0006156721460049293,4,1,4.3950514442475196e-05,COMPLETE
48,0.001067762030288577,2026-03-12 16:13:27.834972,2026-03-12 16:13:30.762141,0 days 00:00:02.927169,256,0.3715425981192481,3,64,0.0019898927536562056,8,2,0.00010402057667012007,PRUNED
49,0.007418675385581862,2026-03-12 16:13:30.833142,2026-03-12 16:13:42.237567,0 days 00:00:11.404425,32,0.3164002574333569,3,128,0.0034107592742547467,2,2,0.00014288283740133167,COMPLETE
50,0.0067376194056123495,2026-03-12 16:13:42.306567,2026-03-12 16:13:46.183881,0 days 00:00:03.877314,128,0.4172869293857574,2,64,0.0005260418989606239,2,2,1.1238564737569549e-05,PRUNED
51,0.0291963629424572,2026-03-12 16:13:46.254246,2026-03-12 16:13:50.101077,0 days 00:00:03.846831,256,0.484501634748756,4,128,0.00032044874356241995,2,2,0.00021624119941047047,PRUNED
52,0.0024352705804631114,2026-03-12 16:13:50.170755,2026-03-12 16:13:53.880131,0 days 00:00:03.709376,256,0.5165674884965762,4,128,0.001004727791509021,2,2,0.0005064791555139762,COMPLETE
53,0.00958396214991808,2026-03-12 16:13:53.952425,2026-03-12 16:13:57.842644,0 days 00:00:03.890219,256,0.5402853778271057,4,128,0.000809536546328979,2,2,0.028908323691799954,PRUNED
54,0.009275632910430431,2026-03-12 16:13:57.913225,2026-03-12 16:14:01.846601,0 days 00:00:03.933376,256,0.3738320146014504,4,128,0.0011935086662792133,2,2,0.00031849508826603285,PRUNED
55,0.00224895216524601,2026-03-12 16:14:01.924171,2026-03-12 16:14:05.619909,0 days 00:00:03.695738,256,0.29497253141064456,4,128,0.0001566466739678897,2,2,7.295260948876538e-05,COMPLETE
56,0.004523427691310644,2026-03-12 16:14:05.690614,2026-03-12 16:14:08.286041,0 days 00:00:02.595427,256,0.44177930230736284,3,128,0.0005391630439184291,2,2,0.0001715290133398886,COMPLETE
57,0.008991087287930506,2026-03-12 16:14:08.352035,2026-03-12 16:14:22.997172,0 days 00:00:14.645137,32,0.25331661747687617,4,128,0.000396818115294765,4,2,0.002495286651109029,PRUNED
58,0.00388575647957623,2026-03-12 16:14:23.068171,2026-03-12 16:14:25.948004,0 days 00:00:02.879833,256,0.5070390309608014,4,64,0.0015438192416055393,8,2,4.2439446692558205e-05,COMPLETE
59,0.011134490304227387,2026-03-12 16:14:26.023411,2026-03-12 16:14:31.057915,0 days 00:00:05.034504,64,0.3943859171741602,2,128,0.002639335791384129,2,1,3.134090268061346e-05,PRUNED
60,0.003488057409413159,2026-03-12 16:14:31.125461,2026-03-12 16:14:45.015913,0 days 00:00:13.890452,32,0.4281656572302855,3,32,0.0003163231645478784,2,2,0.00044160119574830056,PRUNED
61,0.0017326700035482645,2026-03-12 16:14:45.086919,2026-03-12 16:14:48.967857,0 days 00:00:03.880938,256,0.2774546291658206,4,128,0.00018436189353529853,2,2,6.638462992030458e-05,PRUNED
62,0.0010248756734654307,2026-03-12 16:14:49.040863,2026-03-12 16:14:52.751968,0 days 00:00:03.711105,256,0.29779567263201023,4,128,0.00013949769513988723,2,2,0.00010396534990372054,COMPLETE
63,0.014622219838202,2026-03-12 16:14:52.824225,2026-03-12 16:14:56.708023,0 days 00:00:03.883798,256,0.46090812411184245,4,128,0.00022012414806075827,2,2,0.00031833887912298387,PRUNED
64,0.0029140508268028498,2026-03-12 16:14:56.779481,2026-03-12 16:15:00.683202,0 days 00:00:03.903721,256,0.20677165326279937,4,128,8.78887873514952e-05,2,2,0.00012569605942975987,PRUNED
65,0.0033279582858085632,2026-03-12 16:15:00.754561,2026-03-12 16:15:04.635613,0 days 00:00:03.881052,256,0.35824192623726686,4,128,5.3342118228151314e-05,2,2,0.0001950698210414732,PRUNED
66,0.011928904918022454,2026-03-12 16:15:04.706908,2026-03-12 16:15:08.557186,0 days 00:00:03.850278,128,0.49069543458231046,3,64,0.0007417652256825048,2,2,0.0008426352235874319,PRUNED
67,0.03383076749742031,2026-03-12 16:15:08.628538,2026-03-12 16:15:12.486029,0 days 00:00:03.857491,256,0.5299917529132304,4,128,0.0005429346599633145,2,2,0.0014406928696044463,PRUNED
68,0.0011138024793971063,2026-03-12 16:15:12.561022,2026-03-12 16:15:27.910135,0 days 00:00:15.349113,32,0.2559716280042671,3,64,0.0009325621638958653,4,2,1.7117830423566733e-05,PRUNED
69,0.004713219357654452,2026-03-12 16:15:27.980137,2026-03-12 16:15:31.872858,0 days 00:00:03.892721,256,0.34108264403359495,4,128,0.00012762576550392346,2,2,9.663013967522332e-05,PRUNED
70,0.0016177833063660987,2026-03-12 16:15:31.941395,2026-03-12 16:15:47.751120,0 days 00:00:15.809725,32,0.31883697361082425,2,64,0.0003851652344690522,8,2,0.0011663449029485269,PRUNED
71,0.0004997704963898286,2026-03-12 16:15:47.821121,2026-03-12 16:15:55.305894,0 days 00:00:07.484773,256,0.29793803643766964,4,128,0.00014498181496469601,2,2,6.37901641110101e-05,COMPLETE
72,0.004865454277023673,2026-03-12 16:15:55.375901,2026-03-12 16:15:59.253464,0 days 00:00:03.877563,256,0.30087141853099353,4,128,0.00010951047788058673,2,2,0.00015671543443988945,PRUNED
73,0.0007736324914731085,2026-03-12 16:15:59.325310,2026-03-12 16:16:03.398447,0 days 00:00:04.073137,256,0.25380907519076645,4,128,0.00016941819603096204,2,2,3.362453167909327e-05,PRUNED
74,0.0029188242042437196,2026-03-12 16:16:03.470446,2026-03-12 16:16:07.009801,0 days 00:00:03.539355,256,0.3847908567449906,4,128,6.923025029419505e-05,2,2,2.2442790512207238e-05,COMPLETE
75,0.002109950059093535,2026-03-12 16:16:07.079793,2026-03-12 16:16:10.964818,0 days 00:00:03.885025,256,0.3231412061797014,4,128,0.00028502136503795645,2,2,6.384486949391927e-05,PRUNED
76,0.03279590766344752,2026-03-12 16:16:11.036840,2026-03-12 16:16:19.273260,0 days 00:00:08.236420,64,0.4613889892979501,4,128,0.00022271532123168945,2,2,0.000291002611502527,PRUNED
77,0.003221808699890971,2026-03-12 16:16:19.348195,2026-03-12 16:16:21.718211,0 days 00:00:02.370016,256,0.27024898157711913,3,32,0.0006665379865438719,2,2,0.0001160981643541287,PRUNED
78,0.003400656411291233,2026-03-12 16:16:21.789211,2026-03-12 16:16:35.941227,0 days 00:00:14.152016,32,0.2893524102550994,4,64,0.00045944496470067567,2,2,0.003215326314860024,PRUNED
79,0.024292870424687862,2026-03-12 16:16:36.014065,2026-03-12 16:16:39.578903,0 days 00:00:03.564838,256,0.414120903003393,3,128,0.0013328002801657791,2,2,7.999668405523311e-05,PRUNED
80,0.009545777866151184,2026-03-12 16:16:39.649405,2026-03-12 16:16:42.483788,0 days 00:00:02.834383,128,0.3067150476881218,2,128,0.0019219179951336254,2,2,5.392000966000717e-05,COMPLETE
81,0.0020237586577422917,2026-03-12 16:16:42.557195,2026-03-12 16:16:46.448899,0 days 00:00:03.891704,256,0.2954906068180841,4,128,0.00014176702626097392,2,2,7.784423842288862e-05,PRUNED
82,0.007911409251391888,2026-03-12 16:16:46.517899,2026-03-12 16:16:50.393861,0 days 00:00:03.875962,256,0.33213551812074366,4,128,0.00018030068942970323,2,2,0.0019987792146425017,PRUNED
83,0.008213791064918041,2026-03-12 16:16:50.465860,2026-03-12 16:16:54.379583,0 days 00:00:03.913723,256,0.34375581391592275,4,128,0.0002320863980489095,2,2,0.00010212347439577414,PRUNED
84,0.002327243913896382,2026-03-12 16:16:54.446645,2026-03-12 16:16:58.335387,0 days 00:00:03.888742,256,0.2688865428460433,4,128,9.607227873973846e-05,2,2,3.652692284132843e-05,PRUNED
85,0.004083720967173576,2026-03-12 16:16:58.403399,2026-03-12 16:17:02.297074,0 days 00:00:03.893675,256,0.23151221204121647,4,128,0.0001590729154547698,2,2,5.855536006448588e-05,PRUNED
86,0.0029892257298342884,2026-03-12 16:17:02.370082,2026-03-12 16:17:04.789921,0 days 00:00:02.419839,256,0.3574371866052597,4,64,0.00011223407661829218,2,2,0.00024966299144231886,PRUNED
87,0.00401591176133869,2026-03-12 16:17:04.862934,2026-03-12 16:17:19.669636,0 days 00:00:14.806702,32,0.48484705898740854,4,128,2.263067317597925e-05,4,2,0.07966815250203493,PRUNED
88,0.00029190449276939034,2026-03-12 16:17:19.739630,2026-03-12 16:17:26.529892,0 days 00:00:06.790262,256,0.3129815792116859,4,128,0.001133423078741226,2,2,0.0007071795989525724,COMPLETE
89,0.0025273228529840708,2026-03-12 16:17:26.596613,2026-03-12 16:17:29.502332,0 days 00:00:02.905719,256,0.3121373939603655,3,64,0.0011455224126374092,8,2,0.0006069245800369314,PRUNED
90,0.025955638715199063,2026-03-12 16:17:29.573154,2026-03-12 16:17:34.565323,0 days 00:00:04.992169,64,0.4334792712074558,4,128,0.0017068736675256541,2,1,0.0003753823493056513,PRUNED
91,0.00973117956891656,2026-03-12 16:17:34.635322,2026-03-12 16:17:38.485153,0 days 00:00:03.849831,256,0.2973379979993132,4,128,0.0009260499209665488,2,2,0.0001738751161214632,PRUNED
92,0.00033549004001542926,2026-03-12 16:17:38.557348,2026-03-12 16:17:44.653265,0 days 00:00:06.095917,256,0.2842976170960479,4,128,0.0005996872835976987,2,2,0.00013911548091806637,COMPLETE
93,0.0369138028472662,2026-03-12 16:17:44.723799,2026-03-12 16:17:48.609712,0 days 00:00:03.885913,256,0.40296165612533946,4,128,0.0006343429441767873,2,2,0.00013756670777463837,PRUNED
94,0.00043579319026321173,2026-03-12 16:17:48.681165,2026-03-12 16:17:53.371954,0 days 00:00:04.690789,256,0.2833028235637471,4,128,0.0011273455817619531,2,2,0.0010192311752167862,COMPLETE
95,0.00028739378467435017,2026-03-12 16:17:53.442954,2026-03-12 16:17:58.670179,0 days 00:00:05.227225,256,0.2760251014338357,4,128,0.001131907261364524,2,2,0.00112435051434421,COMPLETE
96,0.0002350138612590464,2026-03-12 16:17:58.741303,2026-03-12 16:18:32.518197,0 days 00:00:33.776894,32,0.2646631095765896,4,128,0.0010540227011718209,2,2,0.0009590216330699327,COMPLETE
97,0.0005685329176360808,2026-03-12 16:18:32.587212,2026-03-12 16:18:50.588311,0 days 00:00:18.001099,32,0.24108645458511951,4,32,0.0011124270547573669,2,2,0.0009848109205863726,COMPLETE
98,0.00030459941366903616,2026-03-12 16:18:50.657533,2026-03-12 16:19:09.345391,0 days 00:00:18.687858,32,0.23727482603456565,4,32,0.0008674302204119996,2,2,0.0011147466069237643,COMPLETE
99,0.0029838882889764917,2026-03-12 16:19:09.414273,2026-03-12 16:19:23.561491,0 days 00:00:14.147218,32,0.2375209802889381,4,32,0.0013168347678735406,2,2,0.0009622699978014786,PRUNED
100,0.0014098925951527366,2026-03-12 16:19:23.630485,2026-03-12 16:19:49.944678,0 days 00:00:26.314193,32,0.2465259454769692,4,32,0.002504262560348943,2,2,0.0007449067129590409,PRUNED
101,0.001141210091321097,2026-03-12 16:19:50.018590,2026-03-12 16:20:15.665224,0 days 00:00:25.646634,32,0.21057466503551286,4,32,0.0010853308637249295,2,2,0.0005258963429067019,PRUNED
102,0.0005128736322928619,2026-03-12 16:20:15.738294,2026-03-12 16:20:33.643166,0 days 00:00:17.904872,32,0.2831493930450225,4,32,0.0008682438042398149,2,2,0.0012036275471272067,COMPLETE
103,0.0003949551386800262,2026-03-12 16:20:33.715884,2026-03-12 16:20:53.273971,0 days 00:00:19.558087,32,0.2161128475714426,4,32,0.0009030651322007849,2,2,0.001106081502166036,COMPLETE
104,0.0003330161614160586,2026-03-12 16:20:53.341964,2026-03-12 16:21:11.844128,0 days 00:00:18.502164,32,0.21694930535176488,4,32,0.0008692728437541048,2,2,0.0011432730563231456,COMPLETE
105,0.00030943926269953536,2026-03-12 16:21:11.914563,2026-03-12 16:21:30.849424,0 days 00:00:18.934861,32,0.2183134268352512,4,32,0.0008047641769650959,2,2,0.0012055320113216641,COMPLETE
106,0.0004772878751932045,2026-03-12 16:21:30.917895,2026-03-12 16:22:02.762099,0 days 00:00:31.844204,32,0.22282378162697772,4,32,0.0008162147073403635,2,2,0.0024361029529868378,PRUNED
107,0.0005251701628107444,2026-03-12 16:22:02.832475,2026-03-12 16:22:23.160632,0 days 00:00:20.328157,32,0.2625042118137622,4,32,0.0006982553256115052,2,2,0.0013289227087259034,COMPLETE
108,0.0005426982918704328,2026-03-12 16:22:23.232560,2026-03-12 16:22:36.011824,0 days 00:00:12.779264,32,0.21916018470072565,4,32,0.0015145947845636065,2,2,0.0017808684586626898,COMPLETE
109,0.00046953184469852464,2026-03-12 16:22:36.086299,2026-03-12 16:22:49.225317,0 days 00:00:13.139018,32,0.20067951661263667,4,32,0.0010346989505145916,2,2,0.004683239021620582,COMPLETE
110,0.001349842537560367,2026-03-12 16:22:49.300310,2026-03-12 16:23:03.975464,0 days 00:00:14.675154,32,0.20421949132765527,4,32,0.001033085753552204,4,2,0.005195283773544132,PRUNED
111,0.000445813568408734,2026-03-12 16:23:04.050239,2026-03-12 16:23:20.294828,0 days 00:00:16.244589,32,0.2168307330511622,4,32,0.0007436764589955544,2,2,0.006554365273079874,COMPLETE
112,0.00039328092264310854,2026-03-12 16:23:20.365821,2026-03-12 16:23:35.774062,0 days 00:00:15.408241,32,0.22020889256481113,4,32,0.0007542456904376418,2,2,0.004558650446335711,COMPLETE
113,0.0006209809829929977,2026-03-12 16:23:35.846063,2026-03-12 16:23:50.367037,0 days 00:00:14.520974,32,0.21480877457377187,4,32,0.0007567471817799025,2,2,0.014888461423071122,COMPLETE
114,0.0005657802014736392,2026-03-12 16:23:50.439048,2026-03-12 16:24:07.792285,0 days 00:00:17.353237,32,0.23082056946915194,4,32,0.0006054016067054556,2,2,0.008601443222969987,COMPLETE
115,0.0006519064684523203,2026-03-12 16:24:07.858291,2026-03-12 16:24:24.539788,0 days 00:00:16.681497,32,0.22391578229851417,4,32,0.0008812478748011613,2,2,0.0030922994780899315,COMPLETE
116,0.0021276273463237366,2026-03-12 16:24:24.611783,2026-03-12 16:24:39.531527,0 days 00:00:14.919744,32,0.24451139905457817,4,32,0.000758639522832005,2,2,0.006537290541634442,PRUNED
117,0.00042974545275293555,2026-03-12 16:24:39.601269,2026-03-12 16:25:06.465446,0 days 00:00:26.864177,32,0.26271692581609457,4,32,0.0014002260898047215,8,2,0.0006864128018932464,COMPLETE
118,0.0005669547390425578,2026-03-12 16:25:06.535668,2026-03-12 16:25:25.664230,0 days 00:00:19.128562,32,0.2713767955607636,4,32,0.002172614623860581,8,2,0.0008039813162157882,COMPLETE
119,0.0005489778611393246,2026-03-12 16:25:25.732237,2026-03-12 16:25:40.780345,0 days 00:00:15.048108,32,0.2595087725390761,4,32,0.0013634542201182893,8,2,0.000629409443910821,COMPLETE
120,0.0003521208813513762,2026-03-12 16:25:40.848345,2026-03-12 16:26:01.413456,0 days 00:00:20.565111,32,0.248898855793528,4,32,0.0009134299654123333,8,2,0.001533663199653032,COMPLETE
121,0.0015910470849900907,2026-03-12 16:26:01.482456,2026-03-12 16:26:15.469901,0 days 00:00:13.987445,32,0.27967578657021613,4,32,0.0017294707375536211,8,2,0.0010864466007454389,PRUNED
122,0.0006643854960982155,2026-03-12 16:26:15.537112,2026-03-12 16:26:30.142687,0 days 00:00:14.605575,32,0.2362629858002502,4,32,0.0012200034183796281,8,2,0.0016094948942209357,COMPLETE
123,0.0005385140185743305,2026-03-12 16:26:30.211809,2026-03-12 16:26:57.630098,0 days 00:00:27.418289,32,0.2525584753150887,4,32,0.0009065337283861995,8,2,0.0014166370231782919,COMPLETE
124,0.00043762472341768444,2026-03-12 16:26:57.699814,2026-03-12 16:27:23.868672,0 days 00:00:26.168858,32,0.22827544823395796,4,32,0.0005811924305551584,8,2,0.002056465193297876,COMPLETE
125,0.0003784322689170949,2026-03-12 16:27:23.938421,2026-03-12 16:27:41.946073,0 days 00:00:18.007652,32,0.2635686824890447,4,32,0.0009944752758859932,8,2,0.000912623676011175,COMPLETE
126,0.00039139391420966215,2026-03-12 16:27:42.016414,2026-03-12 16:28:05.696483,0 days 00:00:23.680069,32,0.2649752485138119,4,32,0.0004976937092031193,8,2,0.0007139613837611643,COMPLETE
127,0.00039795523740135,2026-03-12 16:28:05.766664,2026-03-12 16:28:28.484410,0 days 00:00:22.717746,32,0.2726264023000284,4,32,0.0004912579560331714,8,2,0.0004900828177808029,COMPLETE
128,0.0004904185209722657,2026-03-12 16:28:28.552414,2026-03-12 16:28:56.978228,0 days 00:00:28.425814,32,0.24786186433564025,4,32,0.0009765458051586779,8,2,0.0008734927438044948,PRUNED
129,0.00047608607980821816,2026-03-12 16:28:57.048651,2026-03-12 16:29:18.295556,0 days 00:00:21.246905,32,0.23599816791545258,4,32,0.0006625577313651334,8,2,0.0015244999196296666,COMPLETE
130,0.0005297107090882491,2026-03-12 16:29:18.363568,2026-03-12 16:29:35.333658,0 days 00:00:16.970090,32,0.2245525148609159,4,32,0.0008333285566806104,8,2,0.0011619803013344164,COMPLETE
131,0.0004224947853279965,2026-03-12 16:29:35.405658,2026-03-12 16:29:54.470860,0 days 00:00:19.065202,32,0.27258696280563566,4,32,0.00045901503807376117,8,2,0.0004595030269588212,COMPLETE
132,0.00046725170769994814,2026-03-12 16:29:54.538213,2026-03-12 16:30:17.080857,0 days 00:00:22.542644,32,0.26595329076188867,4,32,0.0005090727409140806,8,2,0.0008089572715114527,COMPLETE
133,0.00031022310681042394,2026-03-12 16:30:17.153851,2026-03-12 16:30:45.052428,0 days 00:00:27.898577,32,0.2874968618857671,4,32,0.0006910161251702032,8,2,0.0005789685914858392,COMPLETE
134,0.0005492718243788529,2026-03-12 16:30:45.155419,2026-03-12 16:31:17.081087,0 days 00:00:31.925668,32,0.28942445223516994,4,32,0.0006945255300037144,8,2,0.00240539934714184,COMPLETE
135,0.000336965214436142,2026-03-12 16:31:17.183108,2026-03-12 16:31:56.658224,0 days 00:00:39.475116,32,0.24976097478678527,4,32,0.0005778136942435264,8,2,0.0017799232106446134,COMPLETE
136,0.004482782474951819,2026-03-12 16:31:56.759218,2026-03-12 16:32:00.165137,0 days 00:00:03.405919,128,0.2496988651025815,4,32,0.0005845676171263096,8,2,0.004102246643137788,PRUNED
137,0.0005437935895835315,2026-03-12 16:32:00.272741,2026-03-12 16:32:35.140966,0 days 00:00:34.868225,32,0.2620058967258996,4,32,0.0007988996906864971,8,2,0.002858228522219145,PRUNED
138,0.00039738933784454796,2026-03-12 16:32:35.216153,2026-03-12 16:32:49.829681,0 days 00:00:14.613528,32,0.2423993570782703,4,32,0.0006808984506844636,8,1,0.001834826559996499,COMPLETE
139,0.000371405233506396,2026-03-12 16:32:49.895699,2026-03-12 16:33:16.079120,0 days 00:00:26.183421,32,0.28855861091724483,4,32,0.0004096725607563106,8,2,0.0006877291858443465,COMPLETE
140,0.002090519652743491,2026-03-12 16:33:16.149120,2026-03-12 16:33:23.036751,0 days 00:00:06.887631,32,0.28838863368773593,4,32,0.0003491265692713499,8,2,0.0005942273419657221,PRUNED
141,0.0009736438161261114,2026-03-12 16:33:23.109679,2026-03-12 16:33:55.497535,0 days 00:00:32.387856,32,0.25323765078866456,4,32,0.0004070256226455507,8,2,0.000703363767351575,PRUNED
142,0.0004725300074954118,2026-03-12 16:33:55.571922,2026-03-12 16:34:22.481242,0 days 00:00:26.909320,32,0.2761116080912729,4,32,0.0005548094820471563,8,2,0.0003593833379829231,COMPLETE
143,0.000467775602114021,2026-03-12 16:34:22.551242,2026-03-12 16:34:39.132765,0 days 00:00:16.581523,32,0.2580674821484076,4,32,0.00104390793066757,8,2,0.0014204008610171285,COMPLETE
144,0.00029638321991244866,2026-03-12 16:34:39.206177,2026-03-12 16:35:00.609473,0 days 00:00:21.403296,32,0.2848458466901779,4,32,0.0006307067503217121,8,2,0.0009571453587098564,COMPLETE
145,0.00035162163528314395,2026-03-12 16:35:00.675137,2026-03-12 16:35:20.853191,0 days 00:00:20.178054,32,0.3019795150038297,4,32,0.0005237926591753444,8,2,0.0008436323426592925,COMPLETE
146,0.002703415637370199,2026-03-12 16:35:20.923191,2026-03-12 16:35:24.502036,0 days 00:00:03.578845,64,0.303217718202724,4,32,0.0006078030224627428,8,2,0.0008769497053125653,PRUNED
147,0.00044358699441155683,2026-03-12 16:35:24.573416,2026-03-12 16:35:45.120640,0 days 00:00:20.547224,32,0.29043398186571456,4,32,0.0009464524259050444,8,2,0.0009640826742383289,COMPLETE
148,0.0004289317761764063,2026-03-12 16:35:45.193633,2026-03-12 16:36:09.011648,0 days 00:00:23.818015,32,0.3072541692264128,4,32,0.0004504883341121326,8,2,0.001232573630441421,COMPLETE
149,0.0004182336171132712,2026-03-12 16:36:09.080683,2026-03-12 16:36:23.209794,0 days 00:00:14.129111,32,0.28302345501202336,4,32,0.001190856842389168,8,2,0.001571729114555045,COMPLETE
